978-8832971887,15
978-8807492928,22
978-8866565432,18
978-8858026131,33
978-8807492928,25
978-8858026131,35
978-8866565432,21
978-8807492928,30
978-8891823321,12
978-8858026131,41
978-8891823321,14
978-8832971887,28
978-8866565432,35
978-8832971887,31
978-8858026131,55
978-8866565432,39
978-8807492928,44
978-8866565432,45
978-8858026131,62
978-8832971887,40
978-8807492928,51
978-8858026131,70
978-8866565432,50
978-8866565432,53
978-8891823321,18
978-8807492928,56
978-8891823321,22
978-8807492928,60
978-8866565432,65
978-8807492928,72
978-8891823321,25
978-8866565432,68
978-8832971887,55
978-8858026131,81
978-8807492928,75
978-8866565432,72
978-8858026131,84
978-8832971887,59
978-8807492928,78
978-8858026131,89
978-8866565432,88
978-8807492928,154
978-8866565432,92
978-8807492928,157
978-8891823321,45
978-8832971887,62
978-8858026131,210
978-8858026131,188
978-8832971887,59
978-8891823321,24
978-8807492928,165
978-8891823321,30
978-8858026131,105
978-8866565432,101
978-8866565432,104
978-8891823321,33
978-8858026131,112
978-8866565432,108
978-8891823321,38
978-8858026131,118
978-8807492928,177
978-8866565432,115
978-8866565432,119
978-8891823321,41
978-8858026131,125
978-8858026131,130
978-8891823321,44
978-8858026131,135
978-8832971887,88
978-8858026131,140
978-8866565432,125
978-8866565432,128
978-8891823321,48
978-8866565432,132
978-8891823321,51
978-8832971887,102
978-8832971887,105
978-8891823321,54
978-8807492928,199
978-8832971887,108
978-8866565432,140
978-8832971887,112
978-8832971887,115
978-8866565432,144
978-8807492928,210
978-8866565432,148
978-8891823321,60
978-8858026131,155
978-8866565432,152
978-8891823321,63
978-8807492928,225
978-8891823321,68
978-8866565432,160
978-8866565432,163
978-8866565432,166
978-8807492928,228
978-8807492928,232
978-8807492928,235
978-8866565432,169
978-8891823321,72
978-8858026131,162
978-8807492928,240
978-8866565432,175
978-8807492928,243
978-8866565432,178
978-8866565432,181
978-8858026131,170
978-8858026131,174
978-8891823321,80
978-8807492928,248
978-8807492928,255
978-8866565432,190
978-8807492928,258
978-8807492928,261
978-8832971887,130
978-8832971887,133
978-8866565432,193
978-8891823321,85
978-8866565432,196
978-8858026131,181
978-8866565432,202
978-8807492928,270
978-8891823321,90
978-8866565432,205
978-8832971887,145
978-8807492928,273
978-8891823321,94
978-8866565432,208
978-8858026131,192
978-8891823321,98
978-8891823321,42
978-8807492928,181
978-8891823321,46
978-8807492928,280
978-8807492928,283
978-8832971887,158
978-8832971887,161
978-8891823321,103
978-8891823321,106
978-8891823321,109
978-8866565432,215
978-8891823321,112
978-8891823321,115
978-8832971887,165
978-8858026131,201
978-8891823321,118
978-8858026131,205
978-8866565432,219
978-8832971887,172
978-8832971887,175
978-8807492928,295
978-8866565432,225
978-8866565432,228
978-8807492928,298
978-8866565432,231
978-8858026131,215
978-8858026131,218
978-8858026131,222
978-8807492928,302
978-8866565432,51
978-8832971887,45
978-8858026131,75
978-8832971887,50
978-8858026131,230
978-8832971887,185
978-8891823321,125
978-8807492928,310
978-8866565432,240
978-8832971887,188
978-8866565432,243
978-8866565432,246
978-8807492928,313
978-8866565432,249
978-8891823321,128
978-8891823321,132
978-8866565432,255
978-8891823321,135
978-8866565432,258
978-8866565432,261
978-8858026131,241
978-8891823321,140
978-8866565432,264
978-8866565432,267
978-8858026131,245
978-8858026131,249
978-8807492928,325
978-8807492928,328
978-8891823321,148
978-8832971887,201
978-8807492928,331
978-8832971887,204
978-8866565432,275
978-8832971887,207
978-8866565432,278
978-8866565432,281
978-8866565432,284
978-8866565432,287
978-8832971887,210
978-8858026131,260
978-8807492928,335
