1,978-8832971887,15
2,978-8807492928,22
3,978-8866565432,18
4,978-8858026131,33
5,978-8807492928,25
6,978-8858026131,35
7,978-8866565432,21
8,978-8807492928,30
9,978-8891823321,12
10,978-8858026131,41
11,978-8891823321,14
12,978-8832971887,28
13,978-8866565432,35
14,978-8832971887,31
15,978-8858026131,55
16,978-8866565432,39
17,978-8807492928,44
18,978-8866565432,45
19,978-8858026131,62
20,978-8832971887,40
21,978-8807492928,51
22,978-8858026131,70
23,978-8866565432,50
24,978-8866565432,53
25,978-8891823321,18
26,978-8807492928,56
27,978-8891823321,22
28,978-8807492928,60
29,978-8866565432,65
30,978-8807492928,72
31,978-8891823321,25
32,978-8866565432,68
33,978-8832971887,55
34,978-8858026131,81
35,978-8807492928,75
36,978-8866565432,72
37,978-8858026131,84
38,978-8832971887,59
39,978-8807492928,78
40,978-8858026131,89
41,978-8866565432,88
42,978-8807492928,154
43,978-8866565432,92
44,978-8807492928,157
45,978-8891823321,45
46,978-8832971887,62
47,978-8858026131,210
48,978-8858026131,188
49,978-8832971887,59
50,978-8891823321,24
51,978-8807492928,165
52,978-8891823321,30
53,978-8858026131,105
54,978-8866565432,101
55,978-8866565432,104
56,978-8891823321,33
57,978-8858026131,112
58,978-8866565432,108
59,978-8891823321,38
60,978-8858026131,118
61,978-8807492928,177
62,978-8866565432,115
63,978-8866565432,119
64,978-8891823321,41
65,978-8858026131,125
66,978-8858026131,130
67,978-8891823321,44
68,978-8858026131,135
69,978-8832971887,88
70,978-8858026131,140
71,978-8866565432,125
72,978-8866565432,128
73,978-8891823321,48
74,978-8866565432,132
75,978-8891823321,51
76,978-8832971887,102
77,978-8832971887,105
78,978-8891823321,54
79,978-8807492928,199
80,978-8832971887,108
81,978-8866565432,140
82,978-8832971887,112
83,978-8832971887,115
84,978-8866565432,144
85,978-8807492928,210
86,978-8866565432,148
87,978-8891823321,60
88,978-8858026131,155
89,978-8866565432,152
90,978-8891823321,63
91,978-8807492928,225
92,978-8891823321,68
93,978-8866565432,160
94,978-8866565432,163
95,978-8866565432,166
96,978-8807492928,228
97,978-8807492928,232
98,978-8807492928,235
99,978-8866565432,169
100,978-8891823321,72
101,978-8858026131,162
102,978-8807492928,240
103,978-8866565432,175
104,978-8807492928,243
105,978-8866565432,178
106,978-8866565432,181
107,978-8858026131,170
108,978-8858026131,174
109,978-8891823321,80
110,978-8807492928,248
111,978-8807492928,255
112,978-8866565432,190
113,978-8807492928,258
114,978-8807492928,261
115,978-8832971887,130
116,978-8832971887,133
117,978-8866565432,193
118,978-8891823321,85
119,978-8866565432,196
120,978-8858026131,181
121,978-8866565432,202
122,978-8807492928,270
123,978-8891823321,90
124,978-8866565432,205
125,978-8832971887,145
126,978-8807492928,273
127,978-8891823321,94
128,978-8866565432,208
129,978-8858026131,192
130,978-8891823321,98
131,978-8891823321,42
132,978-8807492928,181
133,978-8891823321,46
134,978-8807492928,280
135,978-8807492928,283
136,978-8832971887,158
137,978-8832971887,161
138,978-8891823321,103
139,978-8891823321,106
140,978-8891823321,109
141,978-8866565432,215
142,978-8891823321,112
143,978-8891823321,115
144,978-8832971887,165
145,978-8858026131,201
146,978-8891823321,118
147,978-8858026131,205
148,978-8866565432,219
149,978-8832971887,172
150,978-8832971887,175
151,978-8807492928,295
152,978-8866565432,225
153,978-8866565432,228
154,978-8807492928,298
155,978-8866565432,231
156,978-8858026131,215
157,978-8858026131,218
158,978-8858026131,222
159,978-8807492928,302
160,978-8866565432,51
161,978-8832971887,45
162,978-8858026131,75
163,978-8832971887,50
164,978-8858026131,230
165,978-8832971887,185
166,978-8891823321,125
167,978-8807492928,310
168,978-8866565432,240
169,978-8832971887,188
170,978-8866565432,243
171,978-8866565432,246
172,978-8807492928,313
173,978-8866565432,249
174,978-8891823321,128
175,978-8891823321,132
176,978-8866565432,255
177,978-8891823321,135
178,978-8866565432,258
179,978-8866565432,261
180,978-8858026131,241
181,978-8891823321,140
182,978-8866565432,264
183,978-8866565432,267
184,978-8858026131,245
185,978-8858026131,249
186,978-8807492928,325
187,978-8807492928,328
188,978-8891823321,148
189,978-8832971887,201
190,978-8807492928,331
191,978-8832971887,204
192,978-8866565432,275
193,978-8832971887,207
194,978-8866565432,278
195,978-8866565432,281
196,978-8866565432,284
197,978-8866565432,287
198,978-8832971887,210
199,978-8858026131,260
200,978-8807492928,335
